{"entities":{"pages":{"Veiligheidsonderzoek":{"id":"Veiligheidsonderzoek","title":"Veiligheidsonderzoek naar het versturen van bestanden tussen apparaten","url":"veiligheidsonderzoek.html","level":0,"tabIndex":0},"Veiligheidsonderzoek-2-Observeren":{"id":"Veiligheidsonderzoek-2-Observeren","title":"2. Observeren","url":"veiligheidsonderzoek-2-observeren.html","level":0,"tabIndex":1},"Veiligheidsonderzoek-3-Theoretiseren":{"id":"Veiligheidsonderzoek-3-Theoretiseren","title":"3. Theoretiseren","url":"veiligheidsonderzoek-3-theoretiseren.html","level":0,"tabIndex":2},"Veiligheidsonderzoek-4-Operationaliseren":{"id":"Veiligheidsonderzoek-4-Operationaliseren","title":"4. Operationaliseren","url":"veiligheidsonderzoek-4-operationaliseren.html","level":0,"tabIndex":3},"Veiligheidsonderzoek-5-Testen":{"id":"Veiligheidsonderzoek-5-Testen","title":"5. Testen","url":"veiligheidsonderzoek-5-testen.html","level":0,"tabIndex":4},"Veiligheidsonderzoek-6-Evalueren":{"id":"Veiligheidsonderzoek-6-Evalueren","title":"6. Evalueren","url":"veiligheidsonderzoek-6-evalueren.html","level":0,"tabIndex":5},"Veiligheidsonderzoek-7-Conclusie":{"id":"Veiligheidsonderzoek-7-Conclusie","title":"7. Conclusie","url":"veiligheidsonderzoek-7-conclusie.html","level":0,"tabIndex":6},"Veiligheidsonderzoek-1-Definiëren":{"id":"Veiligheidsonderzoek-1-Definiëren","title":"1. Definiëren","url":"veiligheidsonderzoek-1-definiëren.html","level":0,"tabIndex":7}}},"topLevelIds":["Veiligheidsonderzoek","Veiligheidsonderzoek-2-Observeren","Veiligheidsonderzoek-3-Theoretiseren","Veiligheidsonderzoek-4-Operationaliseren","Veiligheidsonderzoek-5-Testen","Veiligheidsonderzoek-6-Evalueren","Veiligheidsonderzoek-7-Conclusie","Veiligheidsonderzoek-1-Definiëren"]}